{"cameraMode":{"drawMode":0,"name":"Shaded","section":"Shading Mode"},"sceneLighting":true,"audioPlay":false,"sceneViewState":{"m_AlwaysRefresh":false,"showFog":true,"showSkybox":true,"showFlares":true,"showImageEffects":true,"showParticleSystems":true,"showVisualEffectGraphs":true,"m_FxEnabled":true},"in2DMode":false,"pivot":{"x":-0.0011336838360875846,"y":0.9995332956314087,"z":-0.0007156670326367021},"rotation":{"x":0.3719816207885742,"y":-0.23947393894195558,"z":0.09995156526565552,"w":0.8912307620048523},"size":9.343714714050293,"orthographic":false}