{"cameraMode":{"drawMode":0,"name":"Shaded","section":"Shading Mode"},"sceneLighting":true,"audioPlay":false,"sceneViewState":{"m_AlwaysRefresh":false,"showFog":true,"showSkybox":true,"showFlares":true,"showImageEffects":true,"showParticleSystems":true,"showVisualEffectGraphs":true,"m_FxEnabled":true},"in2DMode":false,"pivot":{"x":0.0002422332763671875,"y":0.9997103214263916,"z":5.22580623626709},"rotation":{"x":-0.10666963458061218,"y":0.7874294519424439,"z":-0.14232243597507478,"w":-0.590201735496521},"size":3.3824799060821535,"orthographic":false}